YNA_NO,YNA_TTL,YNA_CN,YNA_YMD,YNA_WRTR_NM,disaster_type
737476,"일본 도쿄서 규모 4.8 지진…""쓰나미 우려 없어""","일본 도쿄서 규모 4.8 지진…""쓰나미 우려 없어""

    (도쿄=연합뉴스) 경수현 특파원 = 일본 도쿄에서 28일 오전 9시 3분께 규모 4.8의 지진이 발생했다고 일본 기상청이 밝혔다. 
    진원지는 도쿄 앞 바다 지역인 도쿄만의 깊이 80㎞로 추정됐다. 

    이번 지진으로 인해 도쿄 23구와 가나가와현 동쪽 지역에서는 진도 4의 흔들림이 감지됐다.
    일본 기상청의 지진 등급인 진도는 절대 강도를 의미하는 규모와는 달리 해당 지역에 있는 사람의 느낌이나 주변 물체 등의 흔들림 정도를 수치로 나타낸 상대적 개념으로, 0부터 7까지로 표시된다. 
    진도 4는 대부분의 사람이 놀라고 천장에 매달린 전등이 크게 흔들리는 수준의 흔들림이다.
    NHK는 ""이번 지진으로 인한 쓰나미 우려는 없다""고 전했다.
    evan@yna.co.kr
(끝)

",2024-01-28 09:23:31,연합뉴스,지진
737508,인천 섬 선착장서 기념사진 찍던 여행객 2명 추락 사고,"인천 섬 선착장서 기념사진 찍던 여행객 2명 추락 사고

    (인천=연합뉴스) 김상연 기자 = 인천 섬 선착장에서 여행객 2명이 기념사진을 찍다가 갯벌로 추락해 다쳤다.
    29일 인천 송도소방서에 따르면 전날 오후 2시 31분께 옹진군 영흥면 한 선착장에서 A(64)씨와 B(59)씨 등 여성 2명이 5ｍ 아래 갯벌로 떨어졌다.
    이 사고로 A씨가 허리 등을 다쳐 119 구급대에 의해 병원으로 옮겨져 치료를 받았고 B씨도 가슴 통증을 호소해 현장 처치를 받았다.
    여행 중이던 이들은 선착장 방파제 부근에서 기념사진을 찍다가 발을 헛디뎌 추락한 것으로 확인됐다.
    소방당국 관계자는 ""A씨 등을 구하러 다른 일행이 갯벌에 들어갔다가 고립돼 함께 구조됐다""며 ""이들 모두 생명에 지장은 없었다""고 말했다.
    goodluck@yna.co.kr
(끝)

",2024-01-29 08:24:52,연합뉴스,다중밀집건축물붕괴대형사고
737509,불법유턴 80대 운전자 차량 양방향 추돌…3명 중경상,"불법유턴 80대 운전자 차량 양방향 추돌…3명 중경상

    (곡성=연합뉴스) 천정인 기자 = 불법 유턴을 하던 승용차가 양방향을 지나던 차량과 연쇄 추돌해 3명이 중경상을 입었다.
    29일 전남 곡성경찰서에 따르면 전날 오후 7시 32분께 곡성군 곡성읍 편도 2차선 도로에서 80대 A씨가 운전하던 차량이 유턴하던 중 마주 오는 승용차와 부딪혔다.
    사고 충격으로 A씨의 차량이 밀려나자 뒤따르던 승용차가 다시 충격했다.
    이 사고로 A씨가 중상을 입었고 나머지 두 차량 운전자도 가벼운 통증을 호소해 병원으로 이송됐다.
    경찰은 A씨가 유턴이 허용되지 않은 구역에서 유턴하다 사고가 난 것으로 보고 정확한 사고 경위를 조사 중이다. 
    iny@yna.co.kr
(끝)

",2024-01-29 08:41:25,연합뉴스,다중밀집건축물붕괴대형사고
737534,[게시판] 노동부·10개 공공기관 '중대재해 감축' 공동선언문,"[게시판] 노동부·10개 공공기관 '중대재해 감축' 공동선언문

    ▲ 고용노동부와 한국산업안전보건공단은 29일 주요 10개 공공기관과 안전보건리더 회의를 개최하고 중대재해 감축을 위한 공동선언문을 채택했다. 국가철도공단, 인천국제공항공사, 한국농어촌공사 등 이들 공공기관은 중대재해처벌법 등에서 규정한 안전·보건 확보 의무를 준수하고, 위험성평가 중심의 자기규율 예방체계를 구축·이행하는 등 실질적인 중대재해 감축을 위해 노력하기로 했다. (서울=연합뉴스)

(끝)

",2024-01-29 14:00:03,연합뉴스,기타
737560,화재 의심 신고로 수인분당선 오리역 1시간째 무정차 통과,"화재 의심 신고로 수인분당선 오리역 1시간째 무정차 통과


    (성남=연합뉴스) 이영주 기자 = 29일 오후 8시 54분께 수인분당선 오리역 승강장에서 화재 의심 신고가 접수돼 열차가 1시간째 무정차 통과 중이다.
    경기소방재난본부와 한국철도공사(코레일)에 따르면 이날 ""죽전역 방향 승강장에서 타는 냄새가 난다""는 역무원의 신고가 소방으로 접수됐다.
    이에 따라 코레일 측은 오리역에 있던 승객들을 대피시킨 후 전동차를 무정차 통과시키고 있다.
    소방 당국은 현장을 조사한 결과 화재 등 특이사항은 없는 것으로 파악했다.
    코레일 관계자는 ""현재 소방당국이 정확한 원인을 조사 중""이라고 말했다.
    young86@yna.co.kr
(끝)

",2024-01-29 22:20:00,연합뉴스,기타
736430,필리핀 제너럴산토스 남동쪽 바다서 규모 6.7 지진,"필리핀 제너럴산토스 남동쪽 바다서 규모 6.7 지진

    (서울=연합뉴스) 9일 오전 5시 48분 43초(한국시간) 필리핀 제너럴산토스 남동쪽 179km 해역에서 규모 6.7의 지진이 발생했다고 기상청이 외국 관측기관 등을 인용해 전했다.
    진앙은 북위 4.86도, 동경 126.19도이며 지진 발생 깊이는 70km다.
    weather_news@yna.co.kr
(끝)

",2024-01-09 06:10:22,연합뉴스,지진
736921,횡성 아파트 화재 46분 만에 진화…주민 19명 대피(종합),"횡성 아파트 화재 46분 만에 진화…주민 19명 대피(종합)
10여 가구 전기 공급 끊겨…임시 거처로 옮겨 생활

    (횡성=연합뉴스) 이재현 강태현 기자 = 18일 오전 9시 14분께 강원 횡성군 횡성읍 북천리 한 아파트에서 불이 나 46분 만인 오전 10시께 진화됐다.
    화재로 인해 다친 사람은 없었으나 주민 19명이 대피했다.
    또 10여가구에 전기공급이 끊겨 복구 작업이 마무리될 때까지 임시 거처에서 생활할 것으로 보인다.
    경찰과 소방 당국은 남은 불씨를 끄는 대로 화재 원인과 피해 규모를 조사할 방침이다.
    taetae@yna.co.kr
    jlee@yna.co.kr
(끝)

",2024-01-18 18:06:12,연합뉴스,지진
736659,아산 아파트 공사 현장서 차량 추돌사고로 60대 숨져,"아산 아파트 공사 현장서 차량 추돌사고로 60대 숨져

    (아산=연합뉴스) 강수환 기자 = 충남 아산시 아파트 공사 현장 내 차량 추돌사고로 1명이 숨지는 사고가 발생했다.
    13일 경찰과 소방 당국에 따르면 전날 오후 1시 49분께 아산시 용화동 한 아파트 공사 현장에서 1t 트럭이 정차돼 있던 25t 화물차 적재함을 들이받는 사고를 냈다.
    이 사고로 1t 트럭 운전자 A(65)씨가 머리를 크게 다쳐 병원으로 옮겨졌으나 숨졌다.
    경찰은 공사 현장 내 안전 관리 여부 등 자세한 사고 경위를 조사하고 있다.
    swan@yna.co.kr
(끝)

",2024-01-13 09:23:41,연합뉴스,다중밀집건축물붕괴대형사고
736904,대전 다세대주택 원룸에 불…주민 1명 숨져,"대전 다세대주택 원룸에 불…주민 1명 숨져

    (대전=연합뉴스) 강수환 기자 = 18일 오전 6시 1분 대전 서구 용문동 4층짜리 다세대주택 건물 4층 원룸에서 불이 났다. 
    불은 출동한 소방당국의 진화 작업으로 20여분 만에 꺼졌지만, 집 안에서 40대 여성이 숨진 채 발견됐다. 같은 건물에 거주하는 주민 4명이 대피했다. 
    이 불로 집 내부 14.6㎡가 타고 2천100여만원의 재산 피해가 났다.
    경찰과 소방당국은 ""'펑' 소리와 함께 연기가 났다""는 최초 신고를 토대로 자세한 화재 원인을 조사하고 있다.
    swan@yna.co.kr
(끝)

",2024-01-18 13:28:23,연합뉴스,기타
737019,단양 채석장서 중장비 15m 아래로 굴러…60대 운전자 숨져,"단양 채석장서 중장비 15m 아래로 굴러…60대 운전자 숨져

    (단양=연합뉴스) 전창해 기자 = 지난 20일 오후 10시7분께 충북 단양군 매포읍의 한 채석장에서 작업하던 중장비 '페이로더'가 15m 아래로 굴러떨어졌다.

    이 사고로 운전자 A(66)씨가 현장에서 숨졌다.
    경찰은 제설작업 중이던 중장비가 경사로에서 미끄러져 사고가 난 것으로 보고 정확한 경위를 조사하고 있다.
    jeonch@yna.co.kr
(끝)

",2024-01-21 14:01:29,연합뉴스,다중밀집건축물붕괴대형사고
737300,"기상청 ""경북 경주 남남서쪽서 규모 2.0 지진…피해 없을 듯""","기상청 ""경북 경주 남남서쪽서 규모 2.0 지진…피해 없을 듯""

    (서울=연합뉴스) 24일 오후 7시 12분 7초 경북 경주시 남남서쪽 11㎞ 지역에서 규모 2.0의 지진이 발생했다고 기상청이 밝혔다.
    진앙은 북위 35.76도, 동경 129.19도이며 지진 발생 깊이는 18㎞이다.
    기상청은 ""지진피해는 없을 것""이라고 내다봤다.
(끝)

",2024-01-24 19:27:37,연합뉴스,지진
735984,대구 성서산업단지 큰 불…대응 1단계 발령하고 주민 대피 통보,"대구 성서산업단지 큰 불…대응 1단계 발령하고 주민 대피 통보
소방 ""현재까지 확인된 인명피해는 없어""

    (대구=연합뉴스) 윤관식 기자 = 2일 오전 5시 51분께 대구 달서구 대천동 성서2차일반산업단지 한 섬유제품제조 공장에서 원인이 확인되지 않은 불이 났다.
    소방 당국은 대응 1단계를 발령하고 인근 주민에게 성서체육공원으로 대피하라고 안전안내 문자를 통보했다.
    현장에서는 소방차 48대와 소방관 129명이 출동해 연소 확대를 저지 중이다.
    대구소방안전본부 관계자는 ""큰불이 나 현장 대응 중""이라며 ""현재까지 확인된 인명 피해는 없으며 다른 공장으로 연소가 퍼지는 것을 방지하고 있다""라고 말했다.
    psik@yna.co.kr
(끝)

",2024-01-02 07:25:47,연합뉴스,기타
737119,음성서 역주행 승용차·1t 트럭 충돌…2명 사상,"음성서 역주행 승용차·1t 트럭 충돌…2명 사상

    (음성=연합뉴스) 이성민 기자 = 23일 오전 1시 8분께 충북 음성군 맹동면 편도 2차선 1차로에서 역주행하던 승용차가 1t 트럭과 충돌했다.

    이 사고로 승용차 운전자(40대)가 심정지 상태로 병원으로 옮겨졌으나 숨졌고, 트럭 운전자(50대)도 중상을 입었다.
    경찰은 정확한 사고 경위를 조사 중이다.
    chase_arete@yna.co.kr
(끝)

",2024-01-23 08:29:29,연합뉴스,다중밀집건축물붕괴대형사고
737120,[속보] 中 강진 발생 신장자치구서 5.2 규모 추가 지진,"[속보] 中 강진 발생 신장자치구서 5.2 규모 추가 지진
(끝)

",2024-01-23 08:37:19,연합뉴스,지진
737331,"경기광주 접착제 공장 창고서 화재…""위험물 연소 없어""","경기광주 접착제 공장 창고서 화재…""위험물 연소 없어""

    (경기광주=연합뉴스) 강영훈 기자 = 25일 오전 10시 49분 경기도 광주시 초월읍 소재 한 접착제 제조 공장의 단열재 보관 창고에서 원인을 알 수 없는 불이 났다.
    소방당국은 펌프차 등 장비 34대와 소방관 등 인력 85명을 동원해 진화 작업을 벌여 오전 11시 7분 큰 불길을 잡았다.

    소방당국은 한때 긴급오염통제반 운영 및 비상발령을 검토했으나, 위험물이나 화학물질이 연소한 사실은 없는 것으로 나타났다.
    인명피해는 발생하지 않았다.
    소방당국은 진화를 마무리하는 대로 자세한 화재 경위를 조사할 방침이다.
    kyh@yna.co.kr
(끝)

",2024-01-25 11:36:25,연합뉴스,기타
736087,양산 금속 가공공장서 불…2개 동 전소,"양산 금속 가공공장서 불…2개 동 전소

    (양산=연합뉴스) 정종호 기자 = 3일 오전 3시 7분께 경남 양산시 호계동의 한 금속 가공공장에서 불이 났다.
    이 불로 공장 3개 동 가운데 2개 동이 전소했고 1개 동이 일부 탔다.
    화재 당시 공장 내부에서 사람이 없어 인명피해는 발생하지 않았다.
    불은 인근 주민의 신고로 출동한 소방당국에 의해 이날 오전 4시 54분께 모두 꺼졌다.
    소방당국은 정확한 화재 원인과 피해 규모를 조사하고 있다.
    jjh23@yna.co.kr
(끝)

",2024-01-03 06:22:51,연합뉴스,지진
736955,"[동정] 오유경 식약처장, 조제분유 제조 현장 점검","[동정] 오유경 식약처장, 조제분유 제조 현장 점검

    ▲ 오유경 식품의약품안전처장은 19일 조제분유를 생산해 중국으로 수출하는 매일유업[267980] 평택공장을 방문해 위생·안전관리 현황을 점검했다. 지난해 2월부터 중국 정부의 현지 실사를 거쳐, 새로운 규정에 따라 변경된 배합비를 등록해야만 국내 제조 분유를 중국에 수출할 수 있었다. 이에 식약처가 중국 정부의 현지 실사를 대행할 수 있도록 요청했으며, 현재 2개 기업 5개 브랜드가 등록됐다. 오 처장은 ""향후 식품 업계는 수출 활성화를 위해 수출 상대국의 규정을 준수하고 제조 현장의 위생·안전을 철저히 관리해 우수한 제품을 생산해 달라""고 말했다. (서울=연합뉴스)
(끝)

",2024-01-19 15:30:02,연합뉴스,기타
737008,"정부, 작년 농업재해보험금 1조1천749억원 지급","정부, 작년 농업재해보험금 1조1천749억원 지급

    (서울=연합뉴스) 신선미 기자 = 농림축산식품부는 냉해, 집중호우, 태풍 등 자연재해로 피해를 본 농가 20만8천곳에 작년 농작물재해보험과 가축재해보험을 통해 보험금 총 1조1천749억원을 지급했다고 21일 밝혔다.
    이는 최근 5년간(2019∼2023년) 연도별 보험금 지급액 중 가장 많다.
    농식품부는 이상기후로 자연재해 위험이 커질 것에 대비해 농업재해보험을 지속 확대하고 제도를 개선할 방침이다.
    sun@yna.co.kr
(끝)

",2024-01-21 11:00:08,연합뉴스,풍수해
737009,고양시 덕양구 일대 350가구 10시간 단수,"고양시 덕양구 일대 350가구 10시간 단수

    (고양=연합뉴스) 김도윤 기자 = 경기 고양시 덕양구 지축동과 효자동 일대 밤새 수돗물 공급이 끊겨 주민들이 불편을 겪었다.
    21일 고양시에 따르면 전날 오후 10시 30분부터 이들 지역 약 350가구에 수돗물 공급이 중단됐다.
    긴급 복구에 나선 고양시는 수도관이 낡아 연결부가 파손돼 물 공급이 끊긴 것으로 확인했다.
    물은 10시간 만인 이날 오전 8시 20분부터 단계적으로 공급이 재개됐으나 주민들은 밤새 불편을 겪었다.
    고양시 관계자는 ""수도관을 교체해 일시적으로 녹물이 나올 수 있으니 물을 일정 정도 흘려보내달라""고 당부했다.
    kyoon@yna.co.kr
(끝)

",2024-01-21 11:18:38,연합뉴스,기타
736170,부산 한 아파트 23층 옥상서 작업자 추락해 숨져,"부산 한 아파트 23층 옥상서 작업자 추락해 숨져

    (부산=연합뉴스) 김선호 기자 = 3일 오전 8시 28분께 부산 남구 한 아파트 23층 옥상에서 동료의 작업 상황을 촬영하던 50대 남성이 바닥으로 추락했다.
    이 남성은 심정지 상태로 병원에 옮겨졌지만 숨졌다.
    경찰은 현장 관계자를 상대로 안전 수칙 준수 등을 확인해 과실 여부를 따질 예정이다.
    부산고용노동청은 작업 중지 명령을 내린 뒤 근로감독관과 안전보건공단 직원을 현장에 보내 산업안전보건법 위반 여부 등을 조사하고 있다.
    앞서 지난달 29일 오전 8시 52분께 부산 동래구 한 아파트 신축 현장 14층에서 에어컨 실외기실 외부 도장 작업을 하던 40대 남성이 42ｍ 아래로 떨어져 숨진 사고도 있었다.
    wink@yna.co.kr
(끝)

",2024-01-04 06:37:18,연합뉴스,다중밀집건축물붕괴대형사고
736606,아프가니스탄에서 규모 6.4 지진 발생,"아프가니스탄에서 규모 6.4 지진 발생

    (서울=연합뉴스) 11일 오후 6시 20분 26초(한국시간) 아프가니스탄 주름 남남서쪽 44km 지역에서 규모 6.4의 지진이 발생했다고 기상청이 외국 관측 기관 등을 인용해 전했다.
    진앙은 북위 36.51도, 동경 70.60도이며 지진 발생 깊이는 207km다.
    weather_news@yna.co.kr
(끝)

",2024-01-11 18:45:41,연합뉴스,지진
737115,부산 강풍 피해 4건 신고…소방본부 안전조치 완료,"부산 강풍 피해 4건 신고…소방본부 안전조치 완료

    (부산=연합뉴스) 김선호 기자 = 부산에서 강풍으로 인한 피해 신고가 4건 접수돼 모두 안전하게 조치됐다.
    부산소방재난본부는 강풍주의보가 내려진 22일 강풍 관련 4건 신고가 들어왔다고 23일 밝혔다.
    신고 내용은 바람에 날아간 슬레이트 조각이 가로수에 걸리거나 간판 추락 우려, 천막 날림 등이었다.
    부산소방재난본부는 119 대원이 출동해 모두 조치했으며, 인명피해는 없었다고 말했다.
    부산은 전날부터 강풍주의보와 한파주의보가 발효된 상태다.
    wink@yna.co.kr
(끝)

",2024-01-23 07:33:13,연합뉴스,풍수해
737116,부산서 아파트·상가 50여분간 정전…추위 속 599가구 불편,"부산서 아파트·상가 50여분간 정전…추위 속 599가구 불편

    (부산=연합뉴스) 김선호 기자 = 22일 오후 9시께 부산 부산진구 부전동 한 상가 5층 건물 자체 수전설비에 문제가 발생했다.
    이에 한전 변전실 측이 해당 선로를 차단해 일대 상가, 아파트 등 599가구의 전기 공급이 중단됐다.
    50여분 만에 전기 공급이 재개됐지만 한파주의보 발령되는 등 강추위에 주민들이 전열 제품 등을 사용할 수 없어 큰 불편을 겪었다.
    wink@yna.co.kr
(끝)

",2024-01-23 07:44:49,연합뉴스,기타
737122,포항 아파트서 불…50대 남성 숨진 채 발견,"포항 아파트서 불…50대 남성 숨진 채 발견

    (포항=연합뉴스) 손대성 기자 = 23일 오전 5시 12분께 경북 포항시 북구 용흥동 한 아파트 15층에서 불이 났다.
    신고를 받고 출동한 소방당국은 오전 6시 20분께 초기 진화를 마친 뒤 현장을 수색하는 과정에서 불에 타 숨진 50대 남성 한 명을 발견했다.
    소방 당국은 집 안에 많이 쌓여 있는 쓰레기를 치우며 남은 불을 끄고 있다.
    불이 나자 주민 30여명이 대피했다.
    경찰과 소방 당국은 진화를 마무리한 뒤 이 남성의 신원과 사망 원인, 화재 원인 등을 조사할 예정이다.
    sds123@yna.co.kr
(끝)

",2024-01-23 08:48:30,연합뉴스,기타
737123,"SK텔레콤, 전기안전공사와 통신 인프라 설비운용 협력","SK텔레콤, 전기안전공사와 통신 인프라 설비운용 협력

    (서울=연합뉴스) 오규진 기자 = SK텔레콤[017670]은 한국전기안전공사(KESCO)와 통신 인프라 전기안전 향상을 위한 업무협약을 체결했다고 23일 밝혔다.
    양사는 SK ICT 계열사 12곳이 통신 전기설비를 안전하게 운용하고, 전기화재를 예방할 수 있도록 정보와 기술을 교환하고, 전기 안전 제도 개선 등에서 협력하기로 했다.
    인공지능(AI) 기반 리튬축전지 온라인 진단 기술, 전국 SK텔레콤 통신 국사 500여 곳에 있는 리튬축전지에 대한 정밀진단 및 화재 예방 설루션도 공동으로 개발한다.
    강종렬 SK텔레콤 최고안전보건책임자(CSPO·사장)은 ""이번 사업협약을 통해 최상의 통신서비스 제공을 위한 전력 설비의 안정적 운용 기반을 마련했다""고 말했다.

    acdc@yna.co.kr
(끝)

",2024-01-23 08:50:14,연합뉴스,기타
737211,김포 모 고등학교 체육관에 불…1시간 30분 만에 진화,"김포 모 고등학교 체육관에 불…1시간 30분 만에 진화

    (김포=연합뉴스) 손현규 기자 = 24일 오전 0시 44분께 경기도 김포시 한 고등학교에서 불이 났다.
    이 불로 학교 체육관을 비롯해 본관과 별관 등이 일부 탔으나 학생들이 등교하기 전인 새벽 시간대여서 인명피해는 없었다.
    소방 당국은 1시간 30분 만에 불을 완전히 껐으며 학교 관계자 등을 상대로 정확한 화재 원인을 조사하고 있다.
    소방 당국 관계자는 ""학교 인근에 사는 주민이 처음 신고했다""며 ""방화 가능성은 낮은 것으로 보고 원인을 확인할 예정""이라고 말했다.
    son@yna.co.kr
(끝)

",2024-01-24 05:44:44,연합뉴스,기타
737456,전남 완도 해상서 60t급 어선 화재…승선원 8명 구조,"전남 완도 해상서 60t급 어선 화재…승선원 8명 구조

    (완도=연합뉴스) 천정인 기자 = 26일 오전 10시 32분께 전남 완도군 소안도 남쪽 인근 해상에서 60t급 어선 A호에 불이 났다는 신고가 해경에 접수됐다.
    당시 A호에 타고 있던 승선원 8명은 인근 어선에 의해 전원 구조됐다.
    불은 A호 기관실에서 원인을 알 수 없는 이유로 시작됐다. 

    화재 초기 승선원들이 자체 진화하려 했지만 불길이 잡히지 않아 어선 전체로 확산했다.
    현장에 도착한 완도해경은 소화포와 투척용 소화기 등을 이용해 불길을 잡았다.
    해경은 인근 해양 오염을 확인하는 한편 선장과 선원을 상대로 정확한 사고 원인을 조사 중이다.
    iny@yna.co.kr
(끝)

",2024-01-27 11:16:49,연합뉴스,해양선박사고
737457,"""노점상 하려다"" 팔공산서 1t 트럭 계곡 추락…2명 사상","""노점상 하려다"" 팔공산서 1t 트럭 계곡 추락…2명 사상

    (경산=연합뉴스) 윤관식 기자 = 27일 오전 8시 54분께 경북 경산시 와촌면 팔공산 선본사 주차장 인근에서 1t 트럭이 계곡으로 추락하는 사고가 났다.
    이 사고로 운전자 70대 남성이 심정지 상태로 병원에 이송됐으나 숨졌고, 동승자 60대 여성은 경상을 입었다.
    이들은 팔공산 등산로 입구 인근에서 트럭 노점상을 하려고 주차하다가 약 5m 아래 계곡으로 추락한 것으로 경찰은 파악했다.
    경찰은 자세한 사고 경위를 조사하고 있다.
    psik@yna.co.kr
(끝)

",2024-01-27 13:36:39,연합뉴스,다중밀집건축물붕괴대형사고
736943,충북 괴산 고속도로서 SUV가 화물차 추돌…2명 사상,"충북 괴산 고속도로서 SUV가 화물차 추돌…2명 사상
    
    (괴산=연합뉴스) 이성민 기자 = 19일 오전 9시 20분께 충북 괴산군 장안면 중부내륙고속도로에서 창원 방향으로 가던 스포츠유틸리티차(SUV)가 고장으로 멈춰선 2.5t 화물차를 들이받았다.

    SUV는 사고 충격으로 1차로에서 2차로로 튕겨져 나갔고, 이를 다시 시외버스가 들이받았다.
    이 사고로 SUV 운전자(50대)가 병원으로 옮겨졌으나 끝내 숨졌고, 버스에 탑승하고 있던 승객 1명도 경상을 입었다.
    경찰은 운전자 신원과 정확한 사고 경위를 조사 중이다.
    chase_arete@yna.co.kr
(끝)

",2024-01-19 13:29:00,연합뉴스,다중밀집건축물붕괴대형사고
737182,"KIT·뇌연구원, 환경 유해인자 흡입 뇌질환 국제 심포지엄","KIT·뇌연구원, 환경 유해인자 흡입 뇌질환 국제 심포지엄

    (대전=연합뉴스) 정찬욱 기자 = 안전성평가연구소(KIT)와 한국뇌연구원(KBRI)은 23일 '환경 유해인자 흡입으로 인한 뇌 독성 손상 및 조절 기술 연구 현황과 전망' 주제의 국제 심포지엄을 열었다.
    심포지엄에서는 미세 먼지와 같은 유해인자가 인간의 뇌에 미치는 영향을 파악하고, 뇌인지 기능 저하를 조절하기 위한 연구들에 대한 국내외 전문가 발표가 이뤄졌다.
    안전성평가연구소와 한국뇌연구원은 심포지엄에 앞서 환경 유해인자에 의한 뇌 독성 손상 및 뇌신경질환 연구 업무협약을 했다. 
    jchu2000@yna.co.kr
(끝)

",2024-01-23 16:00:45,연합뉴스,기타
736431,새벽 천안 아파트서 불…1명 부상·55명 대피,"새벽 천안 아파트서 불…1명 부상·55명 대피

    (천안=연합뉴스) 강수환 기자 = 9일 오전 3시 31분께 충남 천안시 서북구 성거읍 5층짜리 아파트 1층의 한 가정집에서 불이 났다.
    불은 가정집 내부를 모두 태운 뒤 30여분 만에 꺼졌다.
    이 불로 거주민 A(50)씨가 기도 화상을 입어 병원으로 옮겨져 치료받고 있다. 
    아파트 입주민 15명이 구조됐고, 40명이 자력 대피했으며, 다른 인명 피해는 없었다.
    소방 당국은 음식물 조리 중 휴대용 버너에서 불이 시작된 것으로 보고 자세한 화재 경위와 재산 피해 규모를 조사하고 있다.

    swan@yna.co.kr
(끝)

",2024-01-09 06:31:17,연합뉴스,지진
736270,"영월군, 2월 1일부터 봄철 산불 방지 입산 통제","영월군, 2월 1일부터 봄철 산불 방지 입산 통제

    (영월=연합뉴스) 배연호 기자 = 강원 영월군은 봄철 산불 예방을 위해 입산통제구역 및 화기물 소지 금지구역을 지정·고시했다고 5일 밝혔다.
    지정 기간은 2월 1일부터 5월 15일까지다.
    입산 통제 구역은 15개 산·9천316㏊이고, 화기물 소지 금지구역은 입산통제구역, 문화재 구역 등 1만3천773㏊다.
    군 관계자는 ""봄철 산불 방지를 위한 입산 통제 및 화기물 소지 금지구역 지정에 대해 군민의 적극적인 협조를 부탁한다""고 말했다.
    byh@yna.co.kr
(끝)

",2024-01-05 09:49:42,연합뉴스,산불
736271,"[세종소식] 세종경찰, 전국 최초 가상현실 마약범죄 예방 교육","[세종소식] 세종경찰, 전국 최초 가상현실 마약범죄 예방 교육

    (세종=연합뉴스) 세종경찰청은 전국 최초로 자체 제작한 가상현실(VR)을 이용한 마약범죄 예방 교육을 실시했다고 5일 밝혔다.
    세종경찰은 학교전담경찰관과 함께 지난달 29일 두루중학교에서 실시된 가상 체험 교육에서 가상현실 체험과 퀴즈 등을 진행하며 마약의 위험성과 부작용에 대해 알렸다.
    마약범죄 예방 가상현실 체험을 희망하는 학생과 학부모는 세종경찰청 청소년 경찰학교 프로그램(☎044-559-2348)을 통해 신청할 수 있다.
(끝)

",2024-01-05 09:49:48,연합뉴스,기타
736385,대구 북구 다세대주택 화재로 20대 남녀 부상…주민 7명 대피,"대구 북구 다세대주택 화재로 20대 남녀 부상…주민 7명 대피

    (대구=연합뉴스) 김선형 기자 = 8일 오전 2시 44분께 대구 북구 한 다세대 주택 3층에서 원인이 확인되지 않은 불이 났다.
    화재로 대피하는 과정에 불이 난 세대에 살고 있던 A(21)씨가 다리 골절과 7㎝ 길이의 두부 열상, B(27)씨가 양쪽 발목에 2도 화상을 입고 대학병원에 이송됐다.
    이들은 경찰과 소방 당국에 ""잠을 자던 중 '펑'하는 소리를 듣고 현관문으로 탈출하려고 했으나 불길이 강해 창문 등을 통해 탈출했다""고 진술했다. 
    이 건물에 살고 있던 주민 7명도 스스로 대피한 것으로 조사됐다.
    불은 출동한 소방 당국에 의해 20여분 만에 진화됐다.
    경찰과 소방 당국은 정확한 화재 원인을 조사할 방침이다.
    sunhyung@yna.co.kr
(끝)

",2024-01-08 09:12:37,연합뉴스,기타
736426,남친 폭행 호소하던 20대 여성 추락사…경찰 수사,"남친 폭행 호소하던 20대 여성 추락사…경찰 수사


    (부산=연합뉴스) 박성제 기자 = 부산 부산진경찰서는 남자친구로부터 상습적인 폭력 피해를 호소해온 20대 여성 A씨가 추락해 숨진 사건이 발생해 수사에 나섰다고 8일 밝혔다.
    A씨는 전날 오전 2시께 부산진구의 한 오피스텔 9층에서 떨어져 숨졌다.
    119 최초 신고자는 A씨의 남자친구인 20대 남성 B씨다.
    경찰은 A씨가 B씨로부터 협박당해왔다는 유족 진술을 확보하고 정확한 사건 경위를 조사하고 있다.
    psj19@yna.co.kr
(끝)

",2024-01-08 19:28:09,연합뉴스,기타
736433,인천 사거리서 차량 골프용품점 돌진…2명 부상,"인천 사거리서 차량 골프용품점 돌진…2명 부상

    (인천=연합뉴스) 최은지 기자 = 인천 사거리에서 세차를 마친 차량이 인근 가게로 돌진해 2명이 다쳤다.
    9일 인천소방본부에 따르면 전날 낮 12시 18분께 인천시 서구 석남동 사거리에서 40대 여성 A씨가 몰던 BMW X3 차량이 인근 상가 건물 1층의 골프용품점으로 돌진했다.
    이 사고로 A씨와 가게 주인인 60대 남성 B씨가 두통과 허리 통증을 호소해 출동한 119 구급대로부터 응급 처치를 받았다.
    또 가게 전면 유리창과 내부에 있던 골프용품 일부가 파손됐다.
    경찰과 소방당국은 A씨가 세차를 하고 이동하던 중 사고를 낸 것으로 보고 정확한 경위를 조사하고 있다.

    chamse@yna.co.kr
(끝)

",2024-01-09 07:30:59,연합뉴스,다중밀집건축물붕괴대형사고
736618,"음주운전 50대, 교통시설물 들이받아…따라오던 차와 2차 사고","음주운전 50대, 교통시설물 들이받아…따라오던 차와 2차 사고

    (광주=연합뉴스) 정다움 기자 = 광주 서부경찰서는 12일 음주운전을 하다가 교통사고를 낸 혐의(도로교통법 위반)로 A(54)씨를 불구속 입건했다.
    A씨는 전날 오후 9시 50분께 광주 서구 무진대로에서 술을 마신 채 렌터카를 운전한 혐의를 받고 있다.
    우회전하던 그는 도로 구분을 위한 교통시설물을 들이받은 뒤 멈춰 섰고, 뒤따라오던 스포츠유틸리티차(SUV)가 A씨의 렌터카를 들이받으며 2차 사고가 났다.
    현장에 출동한 경찰이 측정한 A씨의 혈중알코올농도는 면허취소 수치였다.
    daum@yna.co.kr
(끝)

",2024-01-12 08:43:56,연합뉴스,다중밀집건축물붕괴대형사고
736679,전북 익산시 주택서 밤에 불…노부부 숨진 채 발견,"전북 익산시 주택서 밤에 불…노부부 숨진 채 발견

    (익산=연합뉴스) 정경재 기자 = 전북 익산시 한 주택에서 난 불로 노부부가 숨져 경찰이 경위를 파악하고 있다.
    14일 전북소방본부와 전북경찰청 등에 따르면 전날 오후 10시 16분께 익산시 함라면 한 주택에서 불이 났다.
    신고를 받고 출동한 소방 당국이 50여분 만에 불을 껐으나 화재 현장에서 A(89)씨와 그의 아내(88)가 숨진 채 발견됐다.
    화재 피해액은 1천500여만원으로 추산됐다.
    경찰과 소방 당국은 목격자 등을 상대로 정확한 화재 원인 등을 조사하고 있다.
    jaya@yna.co.kr
(끝)

",2024-01-14 06:22:28,연합뉴스,기타
736901,경북 의성 돼지농장에 불…5천여 마리 소사,"경북 의성 돼지농장에 불…5천여 마리 소사

    (의성=연합뉴스) 김선형 기자 = 18일 오전 7시 10분께 경북 의성군 다인면 한 돼지농장에서 원인이 확인되지 않은 불이 났다.
    이 불로 돼지 5천140여 마리가 소사했다.
    불은 출동한 소방 당국에 의해 약 1시간 40분 만에 진화됐다.
    경찰과 소방 당국은 돼지농장 내 사육동에서 불길이 시작된 것으로 보고 정확한 화재 원인과 피해 내역을 조사 중이다.
    sunhyung@yna.co.kr
(끝)

",2024-01-18 11:32:08,연합뉴스,기타
736993,북마리아나제도 사이판 북쪽 바다서 규모 6.1 지진 발생,"북마리아나제도 사이판 북쪽 바다서 규모 6.1 지진 발생

    (서울=연합뉴스) 21일 0시 48분 41초(한국시간) 북마리아나제도 사이판 북쪽 364km 해역에서 규모 6.1의 지진이 발생했다고 기상청이 외국 관측 기관 등을 인용해 전했다.
    진앙은 북위 18.48도, 동경 145.57도이며 지진 발생 깊이는 195km다.
    weather_news@yna.co.kr
(끝)

",2024-01-21 01:13:14,연합뉴스,지진
737007,"도로에 누워있던 50대, 달리던 차에 깔려 숨져","도로에 누워있던 50대, 달리던 차에 깔려 숨져

    (서귀포=연합뉴스) 백나용 기자 = 도로에 누워있던 50대 남성이 달리던 차에 깔려 숨졌다.

    21일 제주 서귀포경찰서에 따르면 전날 오후 7시 40분께 서귀포시 안덕면 편도 1차로 도로에서 40대 여성 A씨가 몰던 승용차가 도로에 누워있던 50대 B씨를 깔고 지나갔다.
    이 사고로 B씨는 크게 다쳐 병원으로 이송됐지만 결국 숨졌다.
    A씨는 사고 당시 음주 상태는 아니었던 것으로 확인됐다.
    경찰은 운전자가 피해자를 미처 보지 못해 사고를 낸 것으로 보고 B씨가 도로에 누워있던 경위 등을 조사하고 있다.
    dragon.me@yna.co.kr
(끝)

",2024-01-21 09:42:20,연합뉴스,다중밀집건축물붕괴대형사고
737460,튀르키예 서부 이즈미르 부근 규모 5.0 지진,"튀르키예 서부 이즈미르 부근 규모 5.0 지진

    (이스탄불=연합뉴스) 김동호 특파원 = 27일(현지시간) 오전 8시 19분께 튀르키예 서부 이즈미르 부근 해안에서 규모 5.0의 지진이 발생했다고 유럽지중해지진센터(EMSC)가 밝혔다.
    진앙은 북위 37.96도, 동경 27.13도이며 진원 깊이는 12㎞다．
    지진이 난 곳은 에게해에 접한 튀르키예 서부 아이든주(州)의 도시 쿠샤다스에서 북쪽으로 15㎞ 떨어진 지점이다. 한국 기업이 다수 진출해 있는 이즈미르에서도 남쪽으로 불과 60∼70㎞ 거리에 있다.
    dk@yna.co.kr
(끝)

",2024-01-27 15:36:51,연합뉴스,지진
737464,청주서 60대 탄 패러글라이더 15m 높이 나무에 불시착,"청주서 60대 탄 패러글라이더 15m 높이 나무에 불시착

    (청주=연합뉴스) 김형우 기자 = 27일 오후 5시 9분께 청주시 상당구 용정동 김수녕양궁장 인근 야산에 패러글라이더를 탄 60대 남성이 약 15ｍ 높이의 나무에 매달려 있다는 신고가 소방당국에 접수됐다.

    현장에 출동한 119구조대는 만일의 사태에 대비, 나무 아래에 매트를 깔고 구조작업을 벌였다. 
    소방당국 관계자는 ""별다른 상처 없이 남성 스스로 나무를 붙잡고 내려왔으며 병원 이송도 거부해 1시간 만에 상황이 끝났다""며 ""것대산 활공장에서 출발했다가 불시착한 것으로 보인다""고 말했다. 

    vodcast@yna.co.kr
(끝)

",2024-01-27 19:12:12,연합뉴스,기타
736963,대전·세종·충남 흐리고 가끔 비·눈…최고기온 5∼8도,"대전·세종·충남 흐리고 가끔 비·눈…최고기온 5∼8도

    (대전=연합뉴스) 정윤덕 기자 = 대한인 20일 대전·세종·충남은 흐리고 가끔 비 또는 눈이 내리겠다.
    대전지방기상청은 21일까지 예상 강수량을 5㎜ 안팎으로 보고 있다.
    낮 최고기온은 대전 6도, 세종 7도, 홍성 6도 등 5∼8도로 19일보다 3도가량 낮겠다.
    서해 중부 바깥 먼바다에는 초속 8∼15ｍ의 강한 바람이 불고, 물결도 1.0∼3.5ｍ로 높게 일면서 풍랑특보가 발효될 가능성이 크다.
    대전기상청 관계자는 ""기온이 낮은 이면도로나 골목길, 그늘진 도로 등에 살얼음이 예상되니, 교통안전에 유의해 달라""며 ""당분간 순간 초속 15ｍ 내외로 매우 강한 바람이 부는 곳이 있겠으니, 시설물 관리와 안전사고에도 유의해 달라""고 당부했다. 
    cobra@yna.co.kr
(끝)

",2024-01-20 06:06:40,연합뉴스,다중밀집건축물붕괴대형사고
736919,"[게시판] 박윤주 식품의약품안전평가원장, 한약 제제 제조 현장 점검","[게시판] 박윤주 식품의약품안전평가원장, 한약 제제 제조 현장 점검

    ▲ 박윤주 식품의약품안전처 식품의약품안전평가원장은 18일 한약(생약) 제제 제조소인 전북 완주군 한풍제약을 방문해 규제 혁신 과제 추진 상황을 점검하고 업계 의견을 청취했다. 식약처는 지난해 발표한 '식의약 규제혁신 2.0'에 따라 탕약을 달이는 전통 제조 방법과 다르게 가압 추출 등 현대 기술로 제조한 한약(생약) 제제에 대한 심사 방안을 마련 중이다. 박 원장은 ""몸에 꼭 맞는 옷을 입어야 활동하기 편하듯 오랜 기간 전통적으로 복용해 온 한약 제제의 특성을 충분히 반영해 심사 체계 등 규제를 다듬어 나가겠다""며 ""제약업계도 현장의 경험을 바탕으로 발전적인 의견을 계속 제시해 달라""고 말했다. (서울=연합뉴스)
(끝)

",2024-01-18 17:16:22,연합뉴스,기타
736931,"세종서 소재 불분명 취학 대상 아동 9명 소재 파악…""모두 안전""","세종서 소재 불분명 취학 대상 아동 9명 소재 파악…""모두 안전""

    (세종=연합뉴스) 이은파 기자 = 세종시교육청은 올해 지역 초등학교 입학 예비소집에 불참한 아동 중 소재가 파악되지 않았던 9명의 소재와 안전을 모두 확인했다고 19일 밝혔다. 
    올해 취학 대상 아동 4천981명 중 예비소집에 불참한 아동은 3.7%인 186명이고, 이 중 9명은 소재가 불분명한 상태였다. 
    시 교육청은 가정방문과 행정정보 공동 이용 시스템 활용 등을 통해 이들의 소재를 모두 파악했고, 대부분 해외에 체류 중인 것을 확인했다.
    최교진 교육감은 ""소재가 불분명했던 취학 대상 아동의 안전과 소재가 모두 확인돼 다행""이라며 ""취학 대상 아동들이 학교에 잘 적응할 수 있도록 최선을 다해 돕겠다""고 말했다. 
    sw21@yna.co.kr
(끝)

",2024-01-19 09:13:29,연합뉴스,기타
735999,새해 첫날 술 마시고 운전 현직 경찰 적발,"새해 첫날 술 마시고 운전 현직 경찰 적발

    (광주=연합뉴스) 천정인 기자 = 새해 첫날 술을 마시고 운전대를 잡은 현직 경찰관이 적발됐다.
    광주 북부경찰서는 2일 음주운전을 한 혐의(도로교통법 위반)로 같은 경찰서 지구대 소속 A 경위를 불구속 입건했다.
    A 경위는 이날 오전 1시 30분께 광주 북구 신용동 한 도로에서 면허정지 수치인 혈중알코올농도 0.059％ 상태로 운전한 혐의다. 
    그는 신호 대기를 하던 중 잠이 들었다가 목격자의 신고로 적발됐다.
    경찰은 정확한 경위 조사와 함께 직위해제 여부 등을 검토 중이다.
    iny@yna.co.kr
(끝)

",2024-01-02 10:00:58,연합뉴스,기타
736311,일본 혼슈섬 서쪽 해안에서 규모 5.3 지진 발생,"일본 혼슈섬 서쪽 해안에서 규모 5.3 지진 발생

    (서울=연합뉴스) 6일 오전 5시 26분(한국시간) 일본 도야마현(혼슈) 도야마 북북서쪽 67km 지역에서 규모 5.3의 지진이 발생했다고 기상청이 외국 관측 기관 등을 인용해 전했다.
    진앙은 북위 37.20도, 동경 136.80도이며 지진 발생 깊이는 10km다.
    weather_news@yna.co.kr
(끝)

",2024-01-06 05:36:11,연합뉴스,지진
736322,부산 상가주택서 불…70대 여성 숨져,"부산 상가주택서 불…70대 여성 숨져

    (부산=연합뉴스) 차근호 기자 = 6일 오전 3시 56분께 부산 부산진구에 있는 한 상가주택에서 불이 났다.
    이 불로 이곳에 사는 70대 여성 1명이 숨졌고, 다른 거주자인 70대 여성은 밖으로 대피했다. 
    두 사람은 자매인 것으로 알려졌다.
    불은 소방서 추산 300여만원의 재산 피해를 낸 뒤 29분 만에 진화됐다.
    해당 상가주택은 주거를 겸용한 식당이었으나 현재는 주거 용도로만 사용되는 곳으로 알려졌다. 
    부산소방본부 관계자는 ""정확한 화재 원인은 합동 감식을 통해 밝힐 예정""이라고 말했다.
    ready@yna.co.kr
(끝)

",2024-01-06 09:32:11,연합뉴스,기타
736584,대구 달성군 신축공사장서 50대 인부 추락해 부상,"대구 달성군 신축공사장서 50대 인부 추락해 부상

    (대구=연합뉴스) 김용민 기자 = 11일 오전 10시 15분께 대구시 달성군 구지면 빌딩 신축 공사장에서 50대 인부 A씨가 지하 5ｍ 아래로 추락했다.
    이 사고로 A씨가 엉덩이 부위 등을 다쳐 병원 치료를 받고 있으며 생명에는 지장이 없는 것으로 알려졌다.
    경찰은 공사 책임자 등을 상대로 사고 경위를 조사 중이다.
    yongmin@yna.co.kr
(끝)

",2024-01-11 14:28:52,연합뉴스,다중밀집건축물붕괴대형사고
736303,고양서 전기 시내버스 인도로 돌진해 승객 등 10명 부상,"고양서 전기 시내버스 인도로 돌진해 승객 등 10명 부상

    (고양=연합뉴스) 심민규 기자 = 5일 오후 4시 40분께 경기 고양시 일산서구 대화동의 한 도로에서 전기 시내버스가 인도로 돌진해 가로등을 들이받았다.

    이 사고로 버스에 타고 있던 운전자와 승객 18명 중 10명이 다쳐 병원으로 이송됐다.
    다친 사람들은 생명에는 지장이 없는 것으로 파악됐다.
    다행히 사고 당시 인도에 보행자는 없었다.
    경찰과 소방 당국은 현장을 수습하는 대로 사고 경위를 조사할 방침이다.
    wildboar@yna.co.kr
(끝)

",2024-01-05 18:11:54,연합뉴스,다중밀집건축물붕괴대형사고
736069,"[속보] ＂日 하네다공항 화재 JAL 항공기, 홋카이도 출발 516편＂","[속보] ＂日 하네다공항 화재 JAL 항공기, 홋카이도 출발 516편＂
(끝)

",2024-01-02 18:24:19,연합뉴스,기타
736220,나주 혁신산단 전기장치 제조업체서 감전 사고,"나주 혁신산단 전기장치 제조업체서 감전 사고

    (나주=연합뉴스) 천정인 기자 = 4일 낮 12시 44분께 전남 나주시 혁신산단에 입주한 전기공급·제어장치 제조 업체에서 작업 중이던 A(37)씨가 감전됐다.
    이 사고로 A씨는 의식을 잃고 쓰러져 병원으로 이송돼 치료받고 있다.
    이송 과정에서 실시한 심폐소생술로 의식은 회복한 것으로 알려졌다. 
    소방당국은 정확한 사고 경위를 조사 중이다.
    iny@yna.co.kr
(끝)

",2024-01-04 15:02:44,연합뉴스,다중밀집건축물붕괴대형사고
736655,인천 송도국제도시서 시내버스·오토바이 충돌…1명 부상,"인천 송도국제도시서 시내버스·오토바이 충돌…1명 부상

    (인천=연합뉴스) 손현규 기자 = 인천 송도국제도시 교차로에서 시내버스와 오토바이가 충돌해 1명이 다쳤다. 
    13일 인천 연수경찰서 등에 따르면 전날 오후 11시 43분께 연수구 송도국제도시 사거리에서 시내버스와 오토바이가 충돌했다.
    이 사고로 오토바이 운전자인 A(48)씨가 다쳐 119구급대에 의해 병원으로 옮겨졌다. 
    경찰은 시내버스가 신호를 위반해 좌회전하다가 직진하는 오토바이와 부딪힌 것으로 보고 사고 경위를 조사하고 있다.
    경찰 관계자는 ""시내버스가 꼬리물기를 하다가 사고를 낸 것으로 보인다""며 ""당시 오토바이는 녹색 신호에 직진한 것으로 파악된다""고 말했다.
    son@yna.co.kr
(끝)

",2024-01-13 08:50:35,연합뉴스,다중밀집건축물붕괴대형사고
735950,일본 도야마현 도야마 북쪽 바다서 규모 7.4 지진,"일본 도야마현 도야마 북쪽 바다서 규모 7.4 지진

    (서울=연합뉴스) 1일 오후 4시 10분(한국시간) 일본 도야마현(혼슈) 도야마 북쪽 90km 해역에서 규모 7.4의 지진이 발생했다고 기상청이 외국 관측 기관 등을 인용해 전했다.
    진앙은 북위 37.50도, 동경 137.20도다.
    weather_news@yna.co.kr
(끝)

",2024-01-01 16:25:20,연합뉴스,지진
736345,인천 계양구 상가 전기실서 감전 사고…1명 심정지,"인천 계양구 상가 전기실서 감전 사고…1명 심정지

    (인천=연합뉴스) 신민재 기자 = 7일 오전 4시께 인천시 계양구 작전동 상가 건물 지하 1층 전기실에서 30대 남성 A씨가 쓰러져 있는 것을 소방대원들이 발견했다.
    A씨는 심정지 상태에서 병원으로 이송됐다.
    건물이 정전돼 화재 발생이 의심된다는 신고를 받고 출동한 소방 당국은 A씨가 전기실에서 감전된 것으로 보고 사고 경위를 조사하고 있다.
    smj@yna.co.kr
(끝)

",2024-01-07 09:15:49,연합뉴스,다중밀집건축물붕괴대형사고
736711,경부고속도로서 신갈분기점 부근서 버스 5중 추돌,"경부고속도로서 신갈분기점 부근서 버스 5중 추돌

    (용인=연합뉴스) 이영주 기자 = 15일 오전 7시 5분께 경기도 용인시 경부고속도로 부산 방면 394㎞ 신갈분기점 부근에서 M버스(광역급행버스)와 통근버스 등 5중 추돌 사고가 발생했다. 
    신고받고 현장에 출동한 소방은 오전 7시29분 다수사상자 시스템을 가동한 뒤, 오전 7시54분 대체버스로 경상자 30명을 동탄한림대병원으로 이송했다. 
    경찰과 소방 당국은 정확한 인명 피해 규모를 파악 중이다. 
    경찰은 5개 차선 중 상위 1·2 차선을 통제하고 사고 현장을 수습 중이다.
    경찰 관계자는 ""중상자는 없는 것으로 파악됐다""며 ""정확한 사고 경위는 확인 중""이라고 말했다. 

    young86@yna.co.kr
(끝)

",2024-01-15 09:04:05,연합뉴스,지진
736720,'얼음 깨고 잠수해 인명 구조'…경기북부소방본부 겨울철 훈련,"'얼음 깨고 잠수해 인명 구조'…경기북부소방본부 겨울철 훈련

    (의정부=연합뉴스) 최재훈 기자 = 경기도 북부소방재난본부는 오는 16일부터 3일간 겨울철 수난사고 대비 훈련을 한다고 15일 밝혔다.

    양주시 원당저수지에서 실시하는 훈련에는 관내 11개 소방서 구조대원 90여명이 참가해 얼음 아래로 잠수해 들어가 인명을 구조하는 수중 수색 훈련과 얼음 위에 있는 요구조자를 구하는 빙상 구조 훈련 등을 할 예정이다. 

    소방 관계자는 ""경기 북부에는 한탄강이나 임진강, 북한강 등 큰 강과 하천이 있고 동계 행사도 많이 열리는 만큼 철저한 구조 훈련으로 도민 안전 확보에 주력하겠다""고 밝혔다
    jhch793@yna.co.kr
(끝)

",2024-01-15 10:55:30,연합뉴스,다중밀집건축물붕괴대형사고
736721,"대구교육청, 학교급식시설 개선·교체에 290억원 투입","대구교육청, 학교급식시설 개선·교체에 290억원 투입

    (대구=연합뉴스) 이강일 기자 = 대구시교육청은 안전하고 쾌적한 급식환경 조성을 위해 올해 모두 290억원의 예산을 투입한다고 15일 밝혔다.
    급식실 환경 개선 사업은 급식시설 개선, 급식기구 교체, 소규모 개선 등 3개 분야로 나눠 진행한다.
    급식시설 개선 사업은 급식실 설치 후 10년 이상 지난 학교나 학생 수 증가로 급식소 및 식당 증축이 필요한 19개 학교를 대상으로 하고 213억원을 투입한다.
    급식기구 교체 사업은 낡고 오래된 급식시설을 해썹(HACCP·식품안전관리인증기준) 기준에 맞게 재배치하거나 전기식·자동화 급식시스템을 구축하는 사업으로 12개 학교를 대상으로 33억원을 투입한다.
    소규모 개선 사업은 안전사고 예방 등을 위해 물품·시설 등을 교체하거나 요청할 경우 현장 실사 뒤 신속하게 지원하는 것으로 44억원이 들어간다.
    대구교육청 관계자는 ""학생과 조리 종사자 모두에게 안전하고 편리한 급식환경이 되도록 급식시설을 개선해 나갈 방침이다""고 말했다.
    leeki@yna.co.kr
(끝)

",2024-01-15 11:06:18,연합뉴스,지진
736137,"오대산월정사, 평창 가스폭발 피해 주민들 위해 1천만원 성금","오대산월정사, 평창 가스폭발 피해 주민들 위해 1천만원 성금

    (평창=연합뉴스) 이재현 기자 = 대한불교조계종 제4교구 본사 오대산 월정사(주지 정념 스님)는 장평리 LPG 충전소 가스폭발 사고 피해 주민을 위해 성금 1천만원을 기탁했다.

    정념 스님은 3일 ""갑작스러운 사고로 주거지를 잃은 이웃 주민을 위해 마련한 성금""이라며 ""피해 주민들에게 조금이나마 힘이 됐으면 한다""고 뜻을 전했다.
    심재국 평창군수는 ""어려운 이웃을 생각하고 도움의 손길을 내밀어 주신 월정사에 감사드린다""며 ""화재 피해 가구가 조속한 복구가 될 수 있도록 지원하겠다""고 말했다.
    군은 기탁받은 1천만원을 사회복지공동모금회를 통해 화재 가구에 전달한다.
    jlee@yna.co.kr
(끝)

",2024-01-03 15:33:13,연합뉴스,다중밀집건축물붕괴대형사고
736244,"""종업원이 불친절해서…"" 다방에 불 지른 50대 구속기소","""종업원이 불친절해서…"" 다방에 불 지른 50대 구속기소

    (공주=연합뉴스) 이주형 기자 = 종업원이 불친절하다는 이유로 다방에 불을 지른 50대 남성이 구속돼 재판에 넘겨졌다. 
    대전지검 공주지청은 50대 A씨를 현주건조물방화 혐의로 구속기소했다고 4일 밝혔다. 
    A씨는 지난해 12월 20일 오후 5시 53분께 공주시 유구읍의 한 다방에 불을 지른 혐의로 기소됐다.
    손님으로 방문한 A씨는 라이터로 소파에 불을 붙였고 불이 커지자 경찰에 자진 신고했다.
    이 불로 인명피해는 없었지만, 2층 상가건물 1층에 입점한 다방 내부가 모두 타고 건물 일부도 피해를 입었다.
    A씨는 경찰 조사에서 ""다방 직원이 친절하게 응대하지 않아 홧김에 불을 질렀다""고 진술했다.
    coolee@yna.co.kr
(끝)

",2024-01-04 17:28:38,연합뉴스,기타
736245,"경기북부경찰, 목요일 대낮 2시간 음주단속해 3명 적발","경기북부경찰, 목요일 대낮 2시간 음주단속해 3명 적발

    (의정부=연합뉴스) 심민규 기자 = 경기북부경찰청은 4일 오후 2시부터 2시간 동안 식당가·유흥가와 스쿨존, 고속도로IC에서 음주단속을 해 3건을 적발했다고 밝혔다.

    적발된 음주 운전자 3명 모두 운전면허 정지 수치인 0.03∼0.08%이었으며, 가장 높은 수치는 0.046%였다. 
    이날 단속에는 경기북부경찰 고속도로 순찰대와 관내 13개 경찰서 소속 경찰관 186명, 순찰차 37대가 동원됐다.
    경찰 관계자는 ""새해를 맞이해 음주운전 엄단에 대한 강력한 메시지 전달과 함께 연초에 다소 느슨해질 수 있는 음주운전 분위기를 제압하기 위해 단속을 진행했다""고 말했다.
    wildboar@yna.co.kr
(끝)

",2024-01-04 17:32:58,연합뉴스,기타
735938,부산서 해돋이 보고 빙판길 하산하던 50대 부상…헬기 투입 구조,"부산서 해돋이 보고 빙판길 하산하던 50대 부상…헬기 투입 구조

    (부산=연합뉴스) 박성제 기자 = 1일 오전 8시 6분께 부산 강서구 연대봉에서 50대 여성 등산객 A씨가 미끄러져 다리를 다쳤다.
    A씨는 새해를 맞아 해돋이를 본 뒤 하산하던 중 얼어있던 땅에 미끄러졌다.
    소방당국은 소방 헬기를 투입해 A씨를 구조했다.
    A씨는 병원으로 옮겨져 치료를 받고 있다.
    psj19@yna.co.kr
(끝)

",2024-01-01 11:42:52,연합뉴스,기타
736348,정선 가정집서 일산화탄소 중독사고…일가족 3명 병원 이송,"정선 가정집서 일산화탄소 중독사고…일가족 3명 병원 이송

     (정선=연합뉴스) 양지웅 기자 = 지난 6일 오후 7시 45분께 강원 정선군 화암면 석곡리 한 가정집에서 일산화탄소 중독 사고가 발생해 60대 남성 A씨 등 일가족 3명이 병원으로 이송됐다.
    이들은 거실에서 숯불을 이용해 1시간가량 고기를 구워 먹던 중 어지러움, 호흡 곤란, 구토 등 증세를 보였으나 생명에는 지장이 없는 것으로 조사됐다.
    소방 당국은 7일 ""일산화탄소는 무색, 무취로 위험을 미리 알아차리기가 쉽지 않다""며 ""한순간의 부주의가 큰 인명피해로 이어질 수 있는 만큼 화기 사용을 각별히 유의해달라""고 당부했다.
    yangdoo@yna.co.kr
(끝)

",2024-01-07 10:11:55,연합뉴스,다중밀집건축물붕괴대형사고
737020,울진 상가 공사장 낙하물 사고…근로자 1명 심정지 이송,"울진 상가 공사장 낙하물 사고…근로자 1명 심정지 이송

    (대구=연합뉴스) 한무선 기자 = 21일 오후 1시 21분께 경북 울진군 후포면 후포리 3층 상가건물 신축 공사장에서 40대 근로자가 위쪽에서 떨어진 건축자재에 머리를 맞아 심정지 상태로 병원으로 이송됐다.

    경찰과 소방 당국은 공사 관계자들을 상대로 정확한 사고 경위를 조사하고 있다.
    mshan@yna.co.kr
(끝)

",2024-01-21 15:21:07,연합뉴스,다중밀집건축물붕괴대형사고
737107,경북 울진 광산서 굴착 작업하던 근로자 2명 사상(종합),"경북 울진 광산서 굴착 작업하던 근로자 2명 사상(종합)



    (울진=연합뉴스) 윤관식 기자 = 22일 오후 6시 44분께 경북 울진 금강송면 한 광산에서 굴착작업 중에 사고가 발생했다는 신고가 접수됐다.
    울진군 등에 따르면 이 사고로 굴착 작업을 하던 50대 남성 A씨가 심정지 상태로 병원으로 이송됐으나 숨졌다. 또다른 근로자 60대 남성 B씨는 저체온증 등 부상을 입었다.
    울진군 관계자는 ""막장 갱도에서 채굴작업을 하다가 굴착기가 폐 갱도를 건드리며 수맥이 터져 사고가 발생한 것으로 파악하고 있다""고 말했다.
    경찰은 정확학 사고 원인을 조사하고 있다.
    psik@yna.co.kr
(끝)

",2024-01-22 22:37:47,연합뉴스,다중밀집건축물붕괴대형사고
736004,"의왕시, 골목길 등 범죄취약지역에 CCTV 689대 확충","의왕시, 골목길 등 범죄취약지역에 CCTV 689대 확충

    (의왕=연합뉴스) 최종호 기자 = 경기 의왕시는 시민 안전과 재산 보호를 위해 관내 180곳에 고화질 폐쇄회로TV(CCTV) 689대를 새로 설치했다고 2일 밝혔다.

    이번 CCTV 확충은 의왕경찰서와 의왕소방서 측 의견을 토대로 빅데이터 분석을 통해 선정한 골목길 등 범죄취약지역과 민원 다수 발생 지역을 대상으로 이뤄졌다.
    시 예산은 77억원이 투입됐다.
    현재 시는 관내 768개소에서 2천618대의 CCTV를 운영하고 있다.
    김성제 의왕시장은 ""확대 설치한 CCTV를 통해 범죄취약지역을 개선하고 치안 인프라를 강화할 수 있게 됐다""며 ""지속해서 방범 및 지능형 CCTV를 확충해 시민이 안전한 의왕시를 만들겠다""고 말했다.
    zorba@yna.co.kr
(끝)

",2024-01-02 10:52:37,연합뉴스,기타
736046,[2보] 군포 산본동 아파트 9층서 불…주민 1명 숨져,"[2보] 군포 산본동 아파트 9층서 불…주민 1명 숨져

    (군포=연합뉴스) 권준우 기자 = 2일 오전 7시 15분께 경기 군포시 산본동의 한 아파트 9층에서 불이 났다.
    이 불로 주민 1명이 크게 다쳐 병원으로 옮겨졌으나 결국 숨졌다.

    숨진 주민은 불이 난 가구 거주자인 것으로 파악됐다.
    경찰과 소방당국은 불을 모두 끄는 대로 정확한 화재 원인을 조사할 계획이다.
    stop@yna.co.kr
(끝)

",2024-01-02 14:41:26,연합뉴스,기타
736065,부안 하왕등도 인근 해상서 선원 1명 숨져,"부안 하왕등도 인근 해상서 선원 1명 숨져



    (부안=연합뉴스) 나보배 기자 = 2일 오후 2시 30분께 전북 부안군 위도면 하왕등도 인근 해상 선박에서 50대 선원 A씨가 쓰러져 병원으로 이송됐으나 숨졌다.
    그는 '선원 한 명이 갑자기 쓰러져 호흡 곤란 증상을 보인다'는 신고를 받고 출동한 해경 등에 의해 병원으로 옮겨졌으나 숨졌다.
    당시 A씨는 조업한 뒤 어선에서 잠시 휴식하고 있었던 것으로 파악됐다.
    해경은 목격자 등을 상대로 정확한 사망 원인을 조사하고 있다.
    warm@yna.co.kr
(끝)

",2024-01-02 18:14:19,연합뉴스,해양선박사고
736066,"日 하네다공항서 JAL 항공기에 화재…NHK ""진화 중""","日 하네다공항서 JAL 항공기에 화재…NHK ""진화 중""

    (도쿄=연합뉴스) 경수현 특파원 = 2일 오후 일본 하네다 공항 활주로에 계류 중이던 일본항공(JAL) 소속 항공기에서 화재가 발생했다.
    현지 공영방송인 NHK의 보도 영상을 보면 이 항공기 엔진 부분에서 불이 붙어 소방대원들이 현재 진화 작업 중이다.
    항공기 안에 탑승자가 있는지 여부는 아직 확인되지 않은 상태다. 
    evan@yna.co.kr
(끝)

",2024-01-02 18:14:48,연합뉴스,기타
736067,서울 용산구 여관서 불 나 60대 남성 병원 이송,"서울 용산구 여관서 불 나 60대 남성 병원 이송

    (서울=연합뉴스) 최원정 기자 = 2일 오후 4시 17분께 서울 용산구 청파동 3층짜리 여관의 3층 객실에서 불이 나 60대 남성 1명이 병원으로 이송되고 2명이 스스로 대피했다.
    소방당국은 소방관 등 86명과 소방차 등 25대를 동원해 약 20분 뒤인 오후 4시 36분께 불을 완전히 껐다. 
    경찰과 소방당국은 정확한 화재 원인을 조사하고 있다.
    away777@yna.co.kr
(끝)

",2024-01-02 18:18:50,연합뉴스,기타
736068,"[속보] JAL 항공기, 日 하네다공항 착륙 도중 화재 발생","[속보] JAL 항공기, 日 하네다공항 착륙 도중 화재 발생


(끝)

",2024-01-02 18:22:20,연합뉴스,기타
736276,"이상호 삼척시 중대재해대응팀장, 국무총리 표창 등 잇단 수상","이상호 삼척시 중대재해대응팀장, 국무총리 표창 등 잇단 수상

    (삼척=연합뉴스) 배연호 기자 = 강원 삼척시는 이상호 재난안전과 중대재해대응팀장이 산재 감축 유공 분야에서 산업재해 예방에 기여한 공로로 국무총리 표창과 고용노동부 장관 표창을 잇달아 받았다고 5일 밝혔다.
    이 팀장은 안전보건 관리체계 조기 구축, 안전 예방 활동 등 산업안전 관련 업무를 적극적으로 펼쳐왔다.
    이 팀장은 ""귀한 상을 받게 되어 영광이다""며 ""산재 예방을 위해 앞으로도 성심을 다해 일하겠다""고 말했다.
    byh@yna.co.kr
(끝)

",2024-01-05 10:50:20,연합뉴스,기타
736680,"김포 화학약품 판매점서 불…""에탄올로 음식 조리""","김포 화학약품 판매점서 불…""에탄올로 음식 조리""

    (김포=연합뉴스) 김상연 기자 = 경기 김포 한 화학약품 판매점에서 불이 나 60대 남성이 다쳤다.
    14일 김포소방서에 따르면 전날 오후 7시 13분께 김포시 양촌읍 공업용 화학약품 판매점에서 불이 났다.
    이 불로 60대 남성이 손 부위에 화상을 입어 119 구급대에 의해 병원으로 옮겨져 치료받았다.
    또 건물 내부 30㎡와 비품 등이 불에 타 540만원 상당(소방서 추산)의 재산 피해가 발생했다.
    소방당국은 소방관 83명과 펌프차 등 장비 19대를 투입해 40분 만에 불을 껐다.
    경찰과 소방당국은 에탄올로 음식을 조리하다가 불이 난 것으로 보고 정확한 화재 원인을 조사 중이다.
    goodluck@yna.co.kr
(끝)

",2024-01-14 07:02:50,연합뉴스,기타
736750,횡성 주택에서 화재…80대 경상,"횡성 주택에서 화재…80대 경상


    (횡성=연합뉴스) 유형재 기자 = 15일 오후 4시 54분께 강원 횡성군 강림면 강림리 한 주택에서 불이 나 1시간여 만에 진화됐다.
    이 사고로 A(87)씨가 경상을 입었으며, 주택이 전소돼 1천700만원 상당의 재산 피해(소방서 추산)가 발생했다.
    경찰과 소방당국은 이날 아궁이 불티가 확대되면서 뷸이 발생한 것으로 보고 정확한 화재원인을 조사 중이다.

    yoo21@yna.co.kr
(끝)

",2024-01-15 19:36:46,연합뉴스,다중밀집건축물붕괴대형사고
736995,춘천 동내면 주택서 불…90대 숨진 채 발견,"춘천 동내면 주택서 불…90대 숨진 채 발견

    (춘천=연합뉴스) 강태현 기자 = 21일 오전 4시 21분께 강원 춘천시 동내면 신촌리 한 2층 주택에서 불이 났다.
    불은 20여분 만에 꺼졌으나 집 안에서 A(90)씨가 숨진 채 발견됐다.
    주택 1층도 모두 불에 타 소방 당국 추산 4천400여만원의 재산 피해가 났다.
    경찰과 소방 당국은 화재 원인을 조사하고 있다.
    taetae@yna.co.kr
(끝)

",2024-01-21 06:39:59,연합뉴스,기타
736560,"정부, '노토반도 강진' 일본에 40억원 상당 인도적 지원","정부, '노토반도 강진' 일본에 40억원 상당 인도적 지원

    (서울=연합뉴스) 김지연 기자 = 외교부는 일본 이시카와현 노토반도 지역에서 지난 1일 발생한 지진에 따른 피해 대응을 지원하기 위해 300만달러(약 39억 6천만원) 규모의 인도적 지원을 제공하기로 결정했다.
    외교부는 11일 ""이번 지원이 피해 지역 복구와 해당 지역 주민들의 조속한 일상 복귀에 도움이 되기를 기대한다""고 밝혔다.
    이번 지진으로 10일 기준 206명이 사망하고 이재민은 2만6천여 명에 이르는 것으로 알려졌다. 
    kite@yna.co.kr
(끝)

",2024-01-11 09:28:28,연합뉴스,지진
736607,"아프간 북동부서 규모 6.4 강진…""피해 보고 없어""(종합)","아프간 북동부서 규모 6.4 강진…""피해 보고 없어""(종합)

    (뉴델리=연합뉴스) 유창엽 특파원 = 아프가니스탄 북동부에서 11일 오후 1시50분(현지시간) 규모 6.4의 강진이 발생했다.
    미국 지질조사국(USGS)에 따르면 지진은 북동부 산악지대인 힌두쿠시 지역의 바다크샨주 주름 디스트릭트(행정단위)에서 일어났다.
    진원 깊이는 206.6㎞로 파악됐다.
    지진 충격은 아프가니스탄 수도 카불과 인접국 파키스탄 수도 이슬라마바드 등지에서도 감지됐으나 건물 파손이나 인명 피해는 보고되지 않았다.
    아프가니스탄에서는 유라시아와 인도 지각판의 충돌로 지진이 잦다.
    yct9423@yna.co.kr
(끝)

",2024-01-11 19:50:02,연합뉴스,지진
736608,"기상청 ""북한 함경북도 길주 북북서쪽서 2.4 지진…자연지진""","기상청 ""북한 함경북도 길주 북북서쪽서 2.4 지진…자연지진""

    (서울=연합뉴스) 11일 오후 7시 0분 53초 북한 함경북도 길주 북북서쪽 41km 지역에서 규모 2.4의 지진이 발생했다고 기상청이 밝혔다.
    진앙은 북위 41.30도, 동경 129.16도이며, 지진 발생 깊이는 20km이다.
    기상청은 ""자연 지진으로 분석된다""라고 전했다.
(끝)

",2024-01-11 19:52:16,연합뉴스,지진
735977,새해 아침 美 LA 앞바다서 규모 4.1 지진,"새해 아침 美 LA 앞바다서 규모 4.1 지진

    (로스앤젤레스=연합뉴스) 임미나 특파원 = 미국 로스앤젤레스(LA) 인근 해상에서 새해 아침 규모 4.1의 지진이 발생했다.
    1일(현지시간) 미국 지질조사국(USGS)에 따르면 이날 오전 8시 27분 캘리포니아주 LA 카운티 서남부 랜초팰로스버디스에서 남쪽으로 19㎞ 떨어진 해상에서 규모 4.1의 지진이 발생했다.
    진앙은 북위 33.58도, 서경 118.36도이며, 진원은 11.3㎞다.
    지진에 따른 진동은 LA 카운티 전역에서 약하게 감지됐다.
    다만 즉각적인 피해나 부상은 아직 보고되지 않았다.
    미 기상청(NWS)의 쓰나미 경고 시스템에 따르면 이 지진에 따른 쓰나미 경보는 발령되지 않았다.
    mina@yna.co.kr
(끝)

",2024-01-02 02:01:02,연합뉴스,지진
735991,[2보] 군포 산본동 아파트 9층서 불…주민 2명 숨져,"[2보] 군포 산본동 아파트 9층서 불…주민 2명 숨져

    (군포=연합뉴스) 권준우 기자 = 2일 오전 7시 15분께 경기 군포시 산본동의 한 아파트 9층에서 불이 났다.
    이 불로 주민 2명이 크게 다쳐 병원으로 옮겨졌으나 결국 숨졌다.
    숨진 주민들은 불이 난 가구 거주자들인 것으로 파악됐다.
    경찰과 소방당국은 불을 모두 끄는 대로 정확한 화재 원인을 조사할 계획이다.
    stop@yna.co.kr
(끝)

",2024-01-02 08:47:08,연합뉴스,기타
736093,새벽에 남원 주택에서 불…2명 숨져,"새벽에 남원 주택에서 불…2명 숨져

    (남원=연합뉴스) 나보배 기자 = 새벽에 전북 남원의 한 단독주택에서 불이 나 2명이 숨졌다.
    3일 전북소방본부에 따르면 이날 오전 5시 50분께 남원시 산동면의 한 주택에서 A(83)씨와 B(69)씨가 숨진 채 발견됐다.
    신고를 받고 출동한 소방 당국은 화재를 진화하다가 집 안에서 이미 숨져있는 이들을 발견했으며, 1시간여만에 진화했다.
    소방대원이 도착했을 때 이미 주택 전체로 불길이 번져있었던 것으로 파악됐다.
    소방 당국은 정확한 화재 원인과 피해 규모 등을 조사하고 있다.
    warm@yna.co.kr
(끝)

",2024-01-03 09:13:44,연합뉴스,지진
736243,일본 니이가타현 니이가타 서쪽 바다서 규모 5.0 지진 발생,"일본 니이가타현 니이가타 서쪽 바다서 규모 5.0 지진 발생

    (서울=연합뉴스) 4일 오후 5시 16분(한국시간) 일본 니이가타현(혼슈) 니이가타 서쪽 125km 해역에서 규모 5.0의 지진이 발생했다고 기상청이 외국 관측 기관 등을 인용해 전했다.
    진앙은 북위 37.80도, 동경 137.60도이며 지진 발생 깊이는 10km다.
    weather_news@yna.co.kr
(끝)

",2024-01-04 17:26:13,연합뉴스,지진
736384,"'숙취 운전' 40대, 주행 중 앞 차 들이받아","'숙취 운전' 40대, 주행 중 앞 차 들이받아

    (광주=연합뉴스) 정다움 기자 = 광주 서부경찰서는 8일 음주운전을 하다가 교통사고를 낸 혐의(도로교통법 위반)로 40대 A씨를 불구속 입건했다.
    A씨는 이날 오전 5시 50분께 광주 서구 매월동 한 도로에서 술을 마신 채 자신의 승합차를 운전하다가 교통사고를 낸 혐의를 받는다.
    주행 중이던 A씨는 앞서가던 40대 B씨의 카니발 후미를 들이받았고, 이 사고로 B씨가 가벼운 상처를 입었다.
    B씨 신고로 출동한 경찰에 의해 측정된 A씨의 혈중알코올농도는 면허정지 수치였다.
    경찰은 숙취 운전을 하다가 A씨가 사고를 낸 것으로 보고 정확한 경위를 조사 중이다.
    daum@yna.co.kr
(끝)

",2024-01-08 08:25:53,연합뉴스,다중밀집건축물붕괴대형사고
736613,[게시판] '아파트 화재예방·피난안전' 홍보캠페인 협약,"[게시판] '아파트 화재예방·피난안전' 홍보캠페인 협약



    ▲ 소방청은 아파트 화재예방 및 피난안전에 대해 홍보하고자 전국아파트입주자대표회의연합회, 한국주택관리협회 등 유관기관과 업무협약을 체결했다고 12일 밝혔다. 이번 업무협약은 '아파트 화재 피난안전매뉴얼 개선안'을 널리 알리고 '우리집 피난계획 세우기' 캠페인에 국민들의 적극적인 참여를 독려하기 위해 마련됐다. (서울=연합뉴스)
(끝)

",2024-01-12 06:00:05,연합뉴스,기타
736928,진안군 공장서 불…한때 비상 1단계·인명피해 없어,"진안군 공장서 불…한때 비상 1단계·인명피해 없어

    (진안=연합뉴스) 나보배 기자 = 19일 오전 3시 8분께 전북 진안군 진안읍의 한 창호 공사업체 공장에서 불이 나 3시간여만에 진화됐다.
    이 불로 인명피해는 없었으나 공장 1동 2천750㎡ 중 330㎡와 공장설비와 비품이 탔다.
    공장 지붕 위로 불길이 솟으면서 한때 대응 1단계가 발령되기도 했다.
    소방 당국은 화재 원인과 피해 규모를 조사하고 있다.
    warm@yna.co.kr
(끝)

",2024-01-19 07:58:28,연합뉴스,지진
736974,영동고속도로서 화물차 간 추돌…40대 운전자 부상,"영동고속도로서 화물차 간 추돌…40대 운전자 부상

    (인천=연합뉴스) 김상연 기자 = 20일 오전 9시 20분께 인천시 남동구 논현동 영동고속도로 서창분기점 인근에서 40대 A씨가 몰던 1t 화물차가 갓길에 있던 4.5t 화물차를 들이받았다.
    이 사고로 A씨가 다리 부위를 다쳐 119구급대에 의해 병원으로 옮겨져 치료받고 있다.
    사고 당시 A씨 차량은 편도 5차로의 5차로를 주행하다가 갓길에 정차 중이던 다른 화물차를 들이받은 것으로 파악됐다.
    경찰은 ""차량이 미끄러졌다""는 A씨 진술 등을 토대로 정확한 사고 경위를 조사할 예정이다.
    경찰 관계자는 ""A씨는 생명에는 지장이 없는 상태""라며 ""피해 화물차에도 운전자가 타고 있었으나 다치지는 않았다""고 말했다.
    goodluck@yna.co.kr
(끝)

",2024-01-20 11:04:12,연합뉴스,다중밀집건축물붕괴대형사고
736979,남해고속도로 창원1터널서 4중 추돌…5명 부상,"남해고속도로 창원1터널서 4중 추돌…5명 부상

    (창원=연합뉴스) 허광무 기자 = 20일 오전 10시 50분께 경남 함안군 남해고속도로 부산 방면 창원1터널에서 4중 추돌 사고가 발생했다.
    22t 화물차 1대와 승용차 4대가 잇따라 추돌한 이 사고로 운전자 등 5명이 다쳐 119구급대에 의해 병원으로 이송됐다.
    부상자 중 1명은 골반 골절이 의심되는 중상을 당했다.
    사고 수습으로 도로 일부가 통제되면서 해당 고속도로 구간에서 1시간 넘게 극심한 정체가 이어졌다.
    경찰은 터널 입구를 진입하자마자 사고가 발생한 점 등을 토대로 경위를 조사하고 있다.
    hkm@yna.co.kr
(끝)

",2024-01-20 14:16:37,연합뉴스,다중밀집건축물붕괴대형사고
736660,경북서 밤사이 돈사·비닐하우스·건초더미 잇단 화재,"경북서 밤사이 돈사·비닐하우스·건초더미 잇단 화재

    (고령=연합뉴스) 이승형 기자 = 12일 오후 10시께 경북 고령군 개진면의 한 돈사에서 불이 나 1시간 50여분 만에 진화됐다.
    이 불로 분만사 1동이 소실되고 사육 돼지 4천여마리 가운데 340마리가 폐사했다.
    또 같은 날 오후 11시 6분께 경북 영양군 수비면의 한 비닐하우스에서 화재가 발생해 비닐하우스와 농기계 등을 태워 소방서 추산 2천450만원 상당의 재산 피해가 났다.
    앞서 오후 9시 33분께 경북 영덕군 남정면 건초더미에서 폭죽놀이에 따른 것으로 추정되는 불이 나 자체 진화를 시도하던 10대가 찰과상을 입어 응급처치를 받았으나 병원으로 이송되지는 않았다.
    haru@yna.co.kr
(끝)

",2024-01-13 09:53:29,연합뉴스,기타
736861,춘천 소양동 아파트 건설 현장서 불…인명피해 없어,"춘천 소양동 아파트 건설 현장서 불…인명피해 없어

    (춘천=연합뉴스) 강태현 기자 = 17일 오후 4시 6분께 강원 춘천시 소양동 한 아파트 건설 현장에서 불이 나 약 20분 만에 꺼졌다.
    화재로 인해 다친 사람은 없었다.
    경찰과 소방 당국은 화재 원인과 피해 규모를 조사하고 있다.

    taetae@yna.co.kr
(끝)

",2024-01-17 16:47:34,연합뉴스,지진
736862,"[청소년올림픽] 육군 지작사, 경호·경비·대테러 활동 총력 지원","[청소년올림픽] 육군 지작사, 경호·경비·대테러 활동 총력 지원

    (강릉=연합뉴스) 양지웅 기자 = 육군 지상작전사령부는 2024 강원 동계청소년올림픽의 안전하고 성공적인 개최를 돕고자 철저한 군사대비태세를 유지하면서 경호·경비작전, 대테러 안전 활동에 총력을 기울인다고 17일 밝혔다.
    지작사는 대회 기간 민·관·군·경·소방 통합 방위작전을 운용하며 경호·경비작전 및 대테러 안전 활동을 지원하는 경비지원사령부 역할을 담당한다.
    이를 위해 지난 15일부터 사령부에 경비지원 태스크포스(TF)를, 대회 개최 지역에는 경비지원작전본부와 군(軍) 행사지원 TF를 편성해 병력 1천여명과 다양한 감시·경계·대테러 장비를 운용하고 있다.
    손식 지상작전사령관은 이날 강릉과 평창에 있는 군 현장지휘소를 방문해 경비작전 및 대테러 안전 활동 임무 수행 태세와 준비 상황을 점검하고 작전 및 행사지원에 나선 장병들도 격려했다.
    손 사령관은 ""그 어느 때보다 엄중한 안보 상황 속에서 열리는 이번 올림픽이 역대 가장 안전하고 성공적인 대회가 될 수 있도록 작전 기강을 확고히 유지한 가운데 경호·경비작전과 대테러 안전 활동, 행사지원에도 최선을 다하라""고 말했다.
    yangdoo@yna.co.kr
(끝)

",2024-01-17 16:56:26,연합뉴스,기타
737004,부산시 홈페이지에 어린이통학로 종합안전대책 안내,"부산시 홈페이지에 어린이통학로 종합안전대책 안내


    (부산=연합뉴스) 김선호 기자 = 부산시는 시민이 어린이보호구역 현황, 관련 정책·법규 등을 쉽게 확인할 수 있도록 홈페이지를 개편해 운영한다고 21일 밝혔다.
    개편되는 홈페이지에는 부산시 어린이 통학로 종합안전대책 주요 내용을 비롯해 보호구역 지정 현황, 관련 법규, 정책 뉴스 등이 포함됐다.
    어린이 보행자 안전을 위한 방호 울타리(가드레일)나 불법 주정차 무인단속 카메라 등 시설개선 계획도 위치 기반 정책 지도로 확인할 수 있다.
    부산시는 지난해 청동초 통학로 사고 후 시민 알 권리와 정책 참여 기회를 보장하려고 홈페이지 개편을 추진해왔다.
    wink@yna.co.kr
(끝)

",2024-01-21 08:18:28,연합뉴스,다중밀집건축물붕괴대형사고
736925,서울 서대문구서 마을버스 빙판길에 미끄러져…7명 병원행,"서울 서대문구서 마을버스 빙판길에 미끄러져…7명 병원행

    (서울=연합뉴스) 김정진 기자 = 18일 오후 8시께 서울 서대문구 홍은동에서 마을버스가 오르막길에서 미끄러져 7명이 병원에 이송되는 사고가 발생했다.
    서울 서대문소방서에 따르면 이 마을버스는 홍은사거리에서 녹번역 방향으로 가는 오르막 도로로 운행하다 빙판길에 미끄러져 인근 아파트 정문 쪽 구조물을 들이받고 멈췄다.
    버스에는 기사를 포함해 24명이 타고 있었으며 이 중 7명이 경상을 입고 인근 병원으로 옮겨졌다. 
    stopn@yna.co.kr
(끝)

",2024-01-18 21:18:43,연합뉴스,다중밀집건축물붕괴대형사고
736926,울산 북구 컨테이너에 불나 2시간 30분 만에 진화,"울산 북구 컨테이너에 불나 2시간 30분 만에 진화



    (울산=연합뉴스) 장지현 기자 = 18일 오후 7시 4분께 울산 북구 매곡동의 한 컨테이너에서 불이 났다.
    신고를 받고 출동한 소방 당국은 인원 35명, 장비 11대를 동원해 오후 8시 37분께 불을 완전히 껐다.
    현재까지 확인된 인명피해는 없다.
    이 컨테이너는 염소 등 가축을 키우는 축사로 활용하고 있던 것으로 알려졌다.
    소방 당국은 남은 불씨를 정리하는 대로 구체적인 화재 원인과 재산 피해 규모를 조사할 예정이다.
    jjang23@yna.co.kr
(끝)

",2024-01-18 21:26:28,연합뉴스,지진
736982,"[게시판] 재난안전관리본부장, 예천·울진 임시주택 현장 점검","[게시판] 재난안전관리본부장, 예천·울진 임시주택 현장 점검

    ▲ 행정안전부 이한경 재난안전관리본부장은 설 명절을 앞두고 20일 경북 예천군과 울진군을 방문해 겨울철 이재민 임시조립주택 안전관리 상황을 점검했다. 이번 방문은 2022년 산불 피해를 본 울진군과 작년 7월 집중호우로 큰 피해를 본 예천군에서 임시조립주택 난방과 수도관·계량기 동파 및 화재 예방 등의 안전관리 상황을 살펴보기 위해 마련됐다. (서울=연합뉴스)
(끝)

",2024-01-20 15:00:02,연합뉴스,산불
736996,브라질 타라우아카 북서쪽서 규모 6.5 지진 발생,"브라질 타라우아카 북서쪽서 규모 6.5 지진 발생

    (서울=연합뉴스) 21일 오전 6시 31분 7초(한국시간) 브라질 타라우아카 북서쪽 123km 지역에서 규모 6.5의 지진이 발생했다고 기상청이 외국 관측 기관 등을 인용해 전했다.
    진앙은 남위 7.32도, 서경 71.51도이며 지진 발생 깊이는 629km다.
    weather_news@yna.co.kr
(끝)

",2024-01-21 06:56:43,연합뉴스,지진
737376,하동군 주택 창고서 불…인명피해 없어,"하동군 주택 창고서 불…인명피해 없어

    (하동=연합뉴스) 이준영 기자 = 지난 25일 오후 10시 35분께 경남 하동군 하동읍 한 주택에서 불이 나 1시간 40여분 만에 꺼졌다.
    이 화재로 주택 1채가 전소되면서 4천800여만원(소방서 추산)의 재산 피해가 났다.
    집 안에 있던 주민 2명은 화재 직후 대피해 인명피해는 발생하지 않았다.
    창고 쪽에서 불이 났다는 신고를 받고 출동한 소방당국은 26일 0시 11분께 불을 모두 껐다.
    소방당국은 정확한 화재 원인을 조사할 계획이다. 
    ljy@yna.co.kr
(끝)

",2024-01-26 06:50:30,연합뉴스,기타
737379,"넘어진 행인, 만취 운전자 차량에 치여 숨져","넘어진 행인, 만취 운전자 차량에 치여 숨져

    (광양=연합뉴스) 천정인 기자 = 아파트 단지 내에서 넘어진 행인이 만취 운전자의 차량에 치여 숨졌다. 
    26일 전남 광양경찰서 등에 따르면 전날 오후 9시 27분께 광양시 마동 한 아파트 단지 내에서 40대 여성 A씨가 운전하던 차량이 넘어져 있던 50대 남성 B씨를 쳤다.
    이 사고로 B씨는 병원으로 옮겨졌지만 숨졌다. 
    A씨는 아파트 단지 내 도로에 쓰러져 있던 B씨를 발견하지 못하고 사고를 낸 것으로 알려졌다. 
    사고 직후 A씨의 혈중알코올농도를 조사한 결과 면허 취소 수치에 달하는 만취 상태였다.
    경찰은 A씨를 교통사고처리 특례법상 치사 혐의로 입건하고 정확한 사고 경위를 조사 중이다. 
    iny@yna.co.kr
(끝)

",2024-01-26 08:30:42,연합뉴스,다중밀집건축물붕괴대형사고
736174,인천 부평구서 승용차가 가로수 충돌…60대 운전자 사망,"인천 부평구서 승용차가 가로수 충돌…60대 운전자 사망

    (인천=연합뉴스) 신민재 기자 = 4일 오전 2시 10분께 인천시 부평구 구산동 편도 5차로 도로에서 60대 A씨가 운전하던 아반떼 승용차가 도로변 가로수와 충돌했다.
    이 사고로 A씨가 의식이 없는 상태에서 병원으로 옮겨졌으나 숨졌다.
    경찰은 사고 차량에 동승자는 없었던 것으로 확인했으며 사고 경위를 조사하고 있다.
    smj@yna.co.kr
(끝)

",2024-01-04 07:42:27,연합뉴스,다중밀집건축물붕괴대형사고
2027,안성 당왕사거리 램프구간서 대형 화물차 고장…교통 통제,"안성 당왕사거리 램프구간서 대형 화물차 고장…교통 통제

    (안성=연합뉴스) 권준우 기자 = 5일 오전 9시께 경기 안성시 당왕사거리 부근 고가차도 비봉터널 방면 램프구간에서 대형 크레인 차량의 유압 탱크가 터지는 사고가 났다.

    이로 인한 인명 피해는 발생하지 않았으나, 도로에 멈춰 선 크레인 차량으로 인해 통행이 가로막히면서 일대 교통 혼잡이 빚어지고 있다.
    안성시는 오전 9시 8분께 재난문자를 통해 ""대형 화물차 고장으로 인한 교통통제로 38번 국도 진입이 불가하니 우회해달라""고 당부했다.
    경찰 관계자는 ""사고 차량 옆으로 1개 차로를 우선 복구해 통행을 재개하려 하고 있다""며 ""전날 내린 폭설과는 관련 없는 고장 차 사고""라고 설명했다.
    stop@yna.co.kr
(끝)

",2025-12-05 09:35:32,연합뉴스,풍수해
